c67374e3448cfae390af4a9df7910c16e03f32bb,
f4a93c30acce436bcb823c5604c70c4533b8fd1e,307772
5d28c615d90968d522f2a8603ed81073c6dbf8ce,307772
63eeca42a6b91571846d7472353f9253deb0fb7e,307772
293c21125ff3b6d5e08a568db0f8c7ab3fd8538c,307800
581cf555b8b5755cc6c2457702590dcb87364c7c,307800
485eaeaa16bc4677e2c7c8c45240da53336067b5,307800
e8c8617df8b854607f670ded55d50ce4d5e38c56,307800
4524f63513e05618af7184b67f454f5373a82405,307800
34053262d79d8b8f215f3328a52a6d36e82157ed,307800
042a6384819c957024542725c849403643424959,307800
56e284312b91d7707f56467ff41ea644e2ad6e4c,307800
f388e4320650587feadc8e4da78a898afac0cf71,307800
708a9b73607b5985f30f17f3f2f6202d5e5ed87e,307800
cab79282a2c6fe48339718b28a4af7e81ea53715,307828
488cf46bb1274b003f88e4885cab48320863783f,307828
aaa5ecef6cdb7be41d8f354a92f7880b939d9ad8,307828
3a2b4019ee21cc23ba0b6936f8dc311d5f526131,307828
90e4fe3839f8321287166484a85635f71da35d00,307828
3cb12f51103609429332f4194a72f66e394f9a5b,307828
069fcd4af83f6ca184db4b714a7afbf9a3cd970a,307828
d1b6ae55f75c53968cd111728f2db8c2af6513c7,307828
7ae922d8f004947d1ae7fab6dfc08ad94d5e77f3,307828
1d4ade9f5faa13b6e8e7b3a349a86b4b278167cc,307828
56869e691807ac66585930daea20913155fa1492,307828
2ced53d2f5d235bef605df1fc6391f7ad33ca0f5,307828
366190858dc19bff81fc1cd776de16fecc9f856b,307848
4c811ea54169add16b9c33e3fbfd59e840440da8,307740
9472b788bd53c07073a7b74540723a4cff10a91e,307740
bf79bdc997e708be70b267aaf7121b49c51497bf,308040
c2185c6f7d647484b907e884eb579d46d0577978,308140
9e0a1f5c277af01d81ce8c9f5934c52bf49cff35,307180
d825c3d8e5a2773877e5bf501377fe1764734971,307184
267701a1943995b0afc7ac8d3f354e3aa563a201,307196
6900539cec5248ff5b7bf6431a9372735ed93f11,307208
3c984938634b0c70ae3102d8bdb8af4732ffaae5,307080
df532fcc0456749ac36b1c5cf09b5c12811fd238,307080
7948ad9c6c166013e053c58840794249d0bbefce,307080
432c89b12b34c95193c8adccd7363f1271cc87aa,307084
d60de3c0103b7c22c919935ba539ea2a0c59660b,307084
975d511b58b8c819c0aa249bfa463e2abc0f4a56,307104
623154a1eb404bee3495b382fa34552161688aad,307408
338abe56daedcf4b5eb9810039ff2bc316350020,307408
7a50e086b32a642a37f3dc0e06bf056c995f0463,307408
2c376a1dfdb01a4b2678efd2559c16ff17f89823,307420
4e66df241dd9d38956c2a038a50418e82d8db0fa,307408
0ca1489a416e42f075d8a4b331ecea22c9ac6aaa,307408
55221b2797a86806033a0c5e9c76e0d29e6d3047,307408
6a7161e7d4edf2666c67a43646c2add75d361751,307408
87b3f91a4fd159360108fc63fcebcef074713055,307428
0198f629f31e9f190bf97ea09be94a4039f35ae4,307440
d0375bf315d75bc5a27f4aa532f496b20ec6c352,307988
dc87d4adca79dc6b8ff7cee1aef08b6b7f5f07a9,307988
3ec462a92254d725f884536928df2eb5809a5fb7,307988
fcae30d7f0e150b67214e42fb13c94214d22ca02,307988
a363d48f5ffb477d27ede80212d4f35d3b64d59f,307992
97970da4340f05d972b7303927dfb5c3d3b97d15,307992
0c3b2bfe030493995e686cae985f2d47565b5536,307992
06c5d9c631f49264fff059a5bc19f9779851d869,307992
39b7db5a0665e385f6516e7497cb33d5fb5124bd,308028
2eadc054581afc43700189f023aacbb4f2fe9594,308132
e036ca93701afedb6ff07c2e15a37d8041d6811f,308132
6edfe08ddc9041225f3ca84c4af7ec41bab58fd5,308132
43ead674a3fc9a3cbfd1448179bc071ef61d6579,306660
6ff4624495b2273c5e0cf83ce11b162690082022,306564
b7c4793dc83f011260915b3c768cec9831b67f25,306572
5ee32cdc70250991f0b4c333ba7315f00a5914b0,306568
cfc94179ea22f0aa47849ab4209906b2d4662098,306572
588fadae5cae1d0e79ce40d425738fb1c1c7cdf7,306572
38cf07dbd6d58517f026814a77a86b5a7bf17aef,306248
d6f64286502d03fca03c4e943ceb1d69fa30ca46,306248
e8a931f37c246b1ce95495b0f83e47d431a12c53,306248
731c28ce068bd2abb3460edf859bed8f4fc5fd32,306008
98827aa5bda1eff5e7ea04ea4c4c4c8bc2495b6f,306008
ace1be022ddf99a0d596b7312c62bbea73a25eec,306008
621b830b531ef32c29af7fe12ae963c2bcc19832,306008
e24b924f81b1cf6422ca571fad81bd055c4bbd2f,306008
afe35584268f759d63014877094d23e4e5a2b1eb,306008
a66657970e873ba52f14cd9af3ecc2397c639f11,306008
ce410320efde3affcf2277eb42f9f71b07433d9e,306084
c9fcd51ba92e5afd2a5778b92e33f07e07f9f15e,306084
3182fe0fa9d05ae10cb60d6e25d9093f108a469c,306084
d65331993c66821746b090eb5a9b7d08feae582f,306376
11d0901782a32baa688e77585669a6f93a818f7f,306376
9d2a8232a498e11b90fb0d31baa13893eef2ce5c,306376
a173d93dbe78d3b2ef24f320cbda16064c8160f2,306376
7d562bc21a9b88f68d8e266ffb41fa17007653d7,306376
8c861c1110c2a827f89f1f970d87ec2f69a50d5f,306376
275b8d33860dceb6429c13450294c7a83661b2ad,306376
6fe492fceeb6562bea3bc42df3e20f4c5d83c627,306376
57a1ace58b0bc4f9d63b0d66be041c1e97f60fbd,306376
c4fabc58c71ba42cbb71c67abf411a1d7b03516a,306376
3c67b5eef0cf673111f50c0ba07247e2612379ea,306376
0101076dd31d05c6770360771d83fe7facc7441c,306380
df9b39adfe7dabce56bc0c355f81bd9e7d60cd8e,306380
f23ea43269b62470cc444308e0bf2e01e724f725,306380
3a77584f220cfde8a195bdd02c528d7e2414e62f,306380
55623ccd416d2d6ca4873f1f244d9ab5627434f9,306380
3e468357cdee4c2795c7cce52cc17688b80e33ec,306380
b8eed2362e69171ac29e30489b4b1fbc3e077db7,306380
72fb5f177f4e21eb5b7287f38a89b86e2081408b,306380
90534d92e9bcd413df3941f7912710a647221c36,306380
ea7e313d2a13770c3c7ee9afa9e4f0d6a66c6917,306380
51438eefe61ad3a81f884b8e572d05420673e6b6,306380
be904b7f35e15cec46f9cb079e610681e614353c,306380
fcba7e9d3712ef8d26fb165587851c0b7e81a695,306380
59034f826fd2b7fa00ec1416b1d40c3351ed2723,306380
0123ef11451c92da5d9cd638ad5cb6e5de894676,306380
498869d789a5fc3d455141f8ca75c374337f5d40,306380
25216fcbca9ad4053dde7ef5ca3adfe22df9959f,306380
4a18223770431f80ff7db721a67f4c59fb378668,306380
4daf33cb3ddfbaba105087b76de45bd175052fcf,306568
5853a50a97ab687db9d35d6fc099970951e0550f,306568
134fed2c909fa40aaf339bf83aeb8b3a69f13e30,306644
2c19bf86d6d009b8cf8a84768d90dae14b42ae92,306632
5325210f4e24671c5ed1d6b6c2cd33a2071ff286,306612
45ebd6c37c280e10f46d459c90a92534f9e9c810,306708
eb0fc2194173b0c39579862dd6c5914d91b7852d,306708
f6fccd61fe0a4e8c4c62f06fdcc6b5e0a881a6d8,306708
99afc6bf617abee9508ad24e8895d3f8ca58ceed,308352
93b8e6641bafd883e6523f0d6e8ea8ccc0e1df07,308352
de85d652d64b6e7fc21a7ce442fe24c7ffef0452,308328
c65f4eabeadd77052682e748cf76188055050b64,308328
149e423a403304de095b8b8425a8387e7f8f6c88,308328
8310bab6a4b6d46fafd4ecad5f612965ab6841f0,308328
44acb882a446f39c16f924c11a0cb14174ab41ca,308328
a121405db2eabbbd410868c7fd81dc65e4247f94,308328
98e450a2808c0ba2363409e113441439a2aede46,308328
b364745102a27215bca4aee89b40db6252e2412c,308328
707224c5049f32fae0c4987f0a8bd2ea942cea5b,308328
174bceecd8e3a0bee5279f8e2535e5a9f4ad3f6a,308328
1edf69ed78bc3e2f2d82765b477db75bf6952c9f,308328
a180f09779d390488dd38831c01674b8df88cfe6,308356
725e2f1611c252d26a145cbdc683cc2891a8135a,308356
07b7c32b8de98bc38e808d2cb3655d7689bc97e7,308356
f912e3ae6e257711433c68758e8385b874e26965,308356
a0dda92a2a687010259a25f0cc7444f0a226ae46,308876
aec44b0203a662b6d9ed49ccc477fb6fa7fe8491,308952
9b904b4142d573f93532e68fa30e8cc56bdf952b,309016
61424a3fb8b7568a3aad0d61831586148f6ec1f1,309044
763c662d08ab2376f9f1c90b2c07929291aef2a2,309208
e7e7aecbdec3fc2de8b1ea03ed26992a09593511,309224
2954d68b829bc1066b40f9a87cf1ba6030e37ccb,308356
1cb3728105122ce4cfe8696818700ceb8e4a6238,308356
66ab3a20f2530849f712d72cd3ca208dcc656d40,308876
f7a16a05cda3bb166057e6994883bec3a020afac,308952
